id,first_name,last_name,email,gender,medical diagnosis,total sales,salary,average grade,costs
1,Jyoti,Stack,jstack0@yelp.com,Female,X110,55773,109690,7.2,31235
2,Samara,Lechmere,slechmere1@wiley.com,Female,T23729D,85430,119261,7.9,52813
3,Jared,Benion,jbenion2@sitemeter.com,Male,G039,22327,116663,8.7,56482
4,Giselle,Schultz,gschultz3@biblegateway.com,Female,Z89021,37609,82279,5.7,41539
5,Bridie,Thurborn,bthurborn4@printfriendly.com,Female,S06313D,37127,22347,0.7,36980
6,Niall,Boij,nboij5@gmpg.org,Male,S22018K,95078,51801,9.2,61485
7,Marnie,Durtnal,mdurtnal6@altervista.org,Female,H35469,91409,71306,6.5,37693
8,Kile,Traylen,ktraylen7@paypal.com,Non-binary,J0121,84446,141723,7.2,59405
9,Maynord,Grasha,mgrasha8@i2i.jp,Male,T63464S,10134,116169,7.3,30911
10,Charley,Maciejak,cmaciejak9@fema.gov,Bigender,S65510S,96007,50814,0.6,57361
11,Gusti,O'Bruen,gobruena@nsw.gov.au,Female,S62369S,33205,147488,7.7,56314
12,Karrah,Crosetti,kcrosettib@princeton.edu,Female,H401394,20377,61809,0.5,43605
13,Tommie,Enderle,tenderlec@npr.org,Female,S92102D,43106,72786,8.9,40832
14,Melitta,Rodolico,mrodolicod@phoca.cz,Female,O6000,90913,143192,5.7,64502
15,Kermit,Piche,kpichee@amazon.de,Male,V0692XA,81557,127994,8.7,75113
16,Nadeen,Crebo,ncrebof@elpais.com,Female,S72361R,63076,44059,1.0,58436
17,Rebe,Sainthill,rsainthillg@google.it,Female,S42334D,79620,58286,5.1,35117
18,Riley,Mealand,rmealandh@slashdot.org,Male,V485,13750,37493,9.8,28840
19,Palmer,Pennazzi,ppennazzii@plala.or.jp,Male,S85492A,36494,74294,0.7,29956
20,Tabor,Hartil,thartilj@hp.com,Genderqueer,T421X6S,47368,59244,4.4,48501
21,Abey,Harriday,aharridayk@marriott.com,Male,S42354K,63531,143031,8.1,23950
22,Herold,Lucchi,hlucchil@studiopress.com,Male,X962XXA,26138,97939,0.7,69032
23,Jacquelynn,Bispham,jbisphamm@netvibes.com,Female,S63494D,43703,15766,9.9,27417
24,Konstance,Gebuhr,kgebuhrn@arizona.edu,Female,S0412XA,14333,16027,10.0,41454
25,Haydon,Tarbert,htarberto@edublogs.org,Non-binary,X711XXD,17335,17683,9.6,40024
26,Gav,Stannett,gstannettp@seesaa.net,Male,T44991D,27434,72694,9.7,26752
27,Alica,O'Hegertie,aohegertieq@comcast.net,Female,S4492XS,10582,38686,2.5,58422
28,Anabel,Rapinett,arapinettr@a8.net,Female,S45019S,59822,141399,5.4,53399
29,Geri,Prebble,gprebbles@ycombinator.com,Male,S62659G,96021,29663,7.0,65697
30,Gabrila,Blackwell,gblackwellt@wikimedia.org,Female,S33130D,94547,60962,7.7,32640
31,Dorolisa,Poncet,dponcetu@nydailynews.com,Female,T457X4A,34749,100229,7.4,59468
32,Mehetabel,Boutell,mboutellv@hud.gov,Female,V9351XD,83748,126143,3.5,23870
33,Jillene,O'Hartagan,johartaganw@telegraph.co.uk,Female,S82202A,89909,98706,7.1,51303
34,Ennis,Grafham,egrafhamx@stanford.edu,Male,V521,29701,38120,9.0,57197
35,Gaelan,Weaben,gweabeny@mysql.com,Male,V473XXS,73572,141772,7.5,31438
36,Ingram,Palser,ipalserz@auda.org.au,Male,S62347B,85952,90496,4.5,51439
37,Yehudi,Renish,yrenish10@opensource.org,Male,P234,62367,18415,3.8,49651
38,Cindi,O'Reilly,coreilly11@blogs.com,Female,V53,14168,77718,5.6,76461
39,Ariel,Greguoli,agreguoli12@ucla.edu,Male,V9205XD,17081,119369,6.5,72121
40,Audra,Haggata,ahaggata13@sina.com.cn,Agender,S72132D,85145,31022,1.8,49898
41,Margarethe,Rigardeau,mrigardeau14@soundcloud.com,Female,S65392D,45748,120192,5.7,41726
42,Charlena,Bines,cbines15@fc2.com,Polygender,M94261,97654,17648,7.5,44097
43,Dalt,Ricker,dricker16@ebay.co.uk,Male,N473,96375,141998,5.3,41591
44,Annis,Bamforth,abamforth17@earthlink.net,Polygender,S63065,57342,103881,9.9,60269
45,Shawnee,Lightwood,slightwood18@jigsy.com,Female,K5520,67310,80804,1.4,23681
46,Ashby,Grzegorecki,agrzegorecki19@microsoft.com,Male,Z638,97777,102905,2.5,25587
47,Grier,Flicker,gflicker1a@icio.us,Female,G8103,90075,10097,4.5,50445
48,Chaunce,Muddimer,cmuddimer1b@last.fm,Male,M63842,83529,16990,1.7,23157
49,Malia,Knappe,mknappe1c@google.fr,Female,E1037,55507,105488,2.5,46167
50,Catharine,Romanelli,cromanelli1d@admin.ch,Female,Y0752,18484,104678,5.5,56931
51,Alvina,Budgett,abudgett1e@i2i.jp,Female,S0993XS,69841,144081,3.9,37183
52,Samara,Cockerill,scockerill1f@japanpost.jp,Female,T2103XA,61261,138653,6.8,39744
53,Lindsy,Keable,lkeable1g@independent.co.uk,Female,T45521A,16336,31598,3.6,20019
54,Sanford,Mendel,smendel1h@census.gov,Male,S93314A,20523,53913,6.1,28706
55,Nappie,Sindell,nsindell1i@flickr.com,Male,M05842,11915,82472,5.7,63795
56,Ado,Itschakov,aitschakov1j@house.gov,Male,S255,52919,89896,9.4,72502
57,Carrissa,Corkell,ccorkell1k@about.com,Female,P599,64929,49321,5.5,39578
58,Aurelie,Dowber,adowber1l@flickr.com,Female,S1191,38974,29367,7.2,59498
59,Kristoforo,Dooland,kdooland1m@barnesandnoble.com,Male,O2652,85571,77906,2.4,20336
60,Barret,Rosencrantz,brosencrantz1n@wikispaces.com,Male,I83819,13466,116646,1.0,69003
61,Sebastien,Pablos,spablos1o@photobucket.com,Male,J1108,61598,109705,8.9,61382
62,Panchito,Reinbach,preinbach1p@apple.com,Male,C3481,16099,11895,1.4,79040
63,Hyacinth,O'Connel,hoconnel1q@tiny.cc,Female,J81,73579,31535,2.3,45411
64,Ethan,Leah,eleah1r@wikimedia.org,Male,S32482B,24669,91516,5.9,67825
65,Alfie,Klosterman,aklosterman1s@newsvine.com,Female,P949,42998,141062,2.9,51430
66,Bren,Greggor,bgreggor1t@mtv.com,Female,S72145K,90541,29121,3.1,24146
67,Adore,Dittson,adittson1u@cam.ac.uk,Female,S00451,73214,62194,8.8,43248
68,Whitney,Fee,wfee1v@devhub.com,Female,S42009,78331,71944,0.3,52490
69,Blakeley,Jodrelle,bjodrelle1w@hostgator.com,Female,S40212D,92811,61611,9.8,69583
70,Lothaire,Leaburn,lleaburn1x@plala.or.jp,Male,S0300XS,59455,16937,4.6,79351
71,Jennilee,Malser,jmalser1y@nps.gov,Female,S56202A,79682,31658,4.6,35719
72,Onfre,Eglaise,oeglaise1z@mail.ru,Male,T43501S,89309,110202,0.1,61741
73,Terza,Cuthbert,tcuthbert20@princeton.edu,Genderqueer,S72443K,72870,125478,7.8,25480
74,Ferris,McGaugey,fmcgaugey21@nba.com,Male,S53412S,61654,112193,8.4,43387
75,Rufe,Cracknall,rcracknall22@1688.com,Male,V379XXS,17835,142220,4.6,47061
76,Antons,Fleury,afleury23@gmpg.org,Male,H2649,55948,46287,0.1,66186
77,Graehme,Gipp,ggipp24@netscape.com,Male,S52321G,58799,85479,2.4,43236
78,Esmeralda,Kirkam,ekirkam25@last.fm,Female,S82461C,39996,106959,8.2,33107
79,Rebeka,Tylor,rtylor26@fotki.com,Female,W139XXS,49964,56024,5.4,75027
80,Luigi,Gilchrist,lgilchrist27@prnewswire.com,Male,W11,98102,113286,2.3,26561
81,Isobel,McDonell,imcdonell28@google.es,Genderfluid,S62645A,51925,113273,1.1,63716
82,Sunshine,Hadwin,shadwin29@salon.com,Female,T25031S,95684,68606,1.3,35351
83,Paulette,Kringe,pkringe2a@nyu.edu,Genderfluid,Y3510,33469,126042,5.9,58115
84,Currey,Goater,cgoater2b@wsj.com,Genderfluid,S52361G,50417,24875,5.4,28722
85,Marje,Dunniom,mdunniom2c@earthlink.net,Female,F10280,37062,93995,1.4,36356
86,Kin,Casperri,kcasperri2d@disqus.com,Bigender,S123,76337,60434,5.1,31849
87,Edmon,Murrthum,emurrthum2e@tiny.cc,Male,S8701XA,74655,19542,7.7,38852
88,Mordy,Buchett,mbuchett2f@mediafire.com,Male,T17910,31100,50847,2.4,79534
89,Brenna,Tissier,btissier2g@techcrunch.com,Female,S60947S,61126,78432,0.5,66098
90,Maggee,Drance,mdrance2h@delicious.com,Female,S5292XC,46460,98568,5.7,65521
91,Reine,Shory,rshory2i@yale.edu,Female,S32491B,52276,120067,8.6,59892
92,Willi,Haistwell,whaistwell2j@ifeng.com,Male,N4831,31362,145184,3.9,48462
93,Ricki,Nehlsen,rnehlsen2k@moonfruit.com,Female,T458X3A,44502,85745,1.4,50411
94,Elijah,Emmet,eemmet2l@discovery.com,Male,V9733,84838,93864,3.2,74229
95,Lindsay,Oguz,loguz2m@usgs.gov,Female,T50B12D,65587,143450,9.9,54302
96,Frederich,Phinn,fphinn2n@unblog.fr,Male,S45199,85829,111272,3.4,75201
97,Kara-lynn,Guerrieri,kguerrieri2o@usa.gov,Female,T5494XS,79298,32504,5.9,36891
98,Toma,Dablin,tdablin2p@upenn.edu,Female,I603,91247,51850,5.7,44606
99,Maud,Lean,mlean2q@nsw.gov.au,Female,T394X6,85612,45312,4.8,50121
100,Elton,Orys,eorys2r@tinypic.com,Male,S36261S,22551,24902,5.7,63575
